transaction_id,amount,fraud_prediction
85507,996,0
16263,1500,0
4550,3917,0
43328,4715,1
82085,3223,0
22840,1861,0
12582,2373,0
60783,370,0
62964,2484,0
62193,3186,0
84919,11,0
26844,2169,0
76292,2326,0
30440,1197,0
804,1689,0
42783,1364,0
27774,1582,0
23338,2503,0
80880,3025,0
60107,2022,0
55852,996,0
42544,3748,0
12914,2536,0
38767,608,0
4703,2892,0
46042,4657,1
5376,2290,0
562,1422,0
36514,41,0
34885,1568,0
72985,2336,0
96983,1486,0
52533,1353,0
42894,357,0
88311,4368,1
47724,2844,0
42864,2709,0
52333,422,0
61920,719,0
60954,4823,1
88327,4097,1
22496,4322,1
75932,4802,1
77185,2926,0
61662,2109,0
93490,1745,0
32352,2840,0
30562,3139,0
70379,2066,0
1448,4331,1
20175,2331,0
20965,4401,1
85323,2980,0
95605,123,0
51288,4869,1
78088,4991,1
80548,1159,0
13712,1461,0
79067,4984,1
65945,3033,0
18509,3323,0
57921,3066,0
11953,73,0
29275,123,0
63256,4460,1
28457,515,0
91081,3909,0
16197,4425,1
1310,3983,0
55901,385,0
98282,4266,1
34231,1502,0
96125,383,0
18205,2923,0
21900,857,0
11811,4813,1
54122,611,0
21853,4270,1
42466,2233,0
45323,4873,1
64888,1588,0
41615,3654,0
26778,4303,1
99792,1944,0
4557,3305,0
37748,334,0
82204,2519,0
12586,2595,0
93499,1162,0
95407,2014,0
92985,2026,0
93392,3265,0
40231,923,0
17193,328,0
81910,2057,0
82493,1419,0
41337,2806,0
7313,4476,1
58128,2060,0
58751,3948,0
81179,723,0
34417,3877,0
79058,2729,0
49041,2979,0
91353,223,0
78085,1359,0
57574,2792,0
14636,2494,0
39503,3393,0
9580,2644,0
36961,83,0
75007,3689,0
89820,2588,0
25194,4395,1
2592,860,0
80211,4912,1
97619,2708,0
84516,2179,0
35271,3059,0
91494,3299,0
14371,1008,0
44826,3713,0
92404,2508,0
42952,1171,0
7562,4828,1
91209,2365,0
87486,3422,0
57552,2341,0
2262,131,0
9946,3085,0
16981,2301,0
93194,998,0
83423,3697,0
10877,4457,1
94551,1209,0
30696,117,0
78650,942,0
48016,4614,1
30885,2299,0
49470,3750,0
83681,2364,0
76222,1935,0
45261,2124,0
55268,2062,0
63075,2193,0
38120,3745,0
47554,1157,0
96922,1766,0
19780,1499,0
69720,2922,0
81177,3304,0
22721,1959,0
75973,3246,0
90847,2312,0
5947,1208,0
17745,1334,0
2835,2703,0
44258,3443,0
60742,3334,0
29464,1614,0
1863,3153,0
10708,3562,0
15512,4660,1
63493,1286,0
51182,421,0
22030,2090,0
9621,4359,1
54061,3941,0
30238,4327,1
52655,4866,1
94451,2198,0
26053,2806,0
46182,45,0
51116,1311,0
78584,1732,0
68541,1283,0
14700,4748,1
13254,4069,1
80476,1171,0
94552,373,0
76750,2337,0
98499,3151,0
88193,4728,1
69458,2900,0
70723,3970,0
68927,446,0
7573,480,0
29597,1773,0
38718,743,0
60683,1398,0
21573,2044,0
59112,4220,1
50534,829,0
5828,1492,0
65425,2191,0
81814,3175,0
52662,49,0
66894,2522,0
12240,1232,0
21444,3995,0
55589,4035,1
60079,515,0
63952,447,0
7435,4424,1
78475,3030,0
7069,3834,0
98750,1156,0
17490,4631,1
10359,4905,1
53278,3991,0
76528,1679,0
22049,3061,0
17919,946,0
32606,4456,1
20226,1186,0
81875,3255,0
21622,3443,0
66486,1438,0
40201,300,0
41650,3474,0
80483,2472,0
94230,4572,1
60746,81,0
45721,4761,1
57318,3268,0
13220,811,0
11004,3865,0
49327,590,0
26832,3263,0
42568,4889,1
81913,3486,0
94300,3602,0
74616,3445,0
81371,2121,0
60814,252,0
18797,2114,0
86841,3410,0
86870,4112,1
48038,1277,0
61098,2932,0
15712,4854,1
72352,3900,0
6688,164,0
8199,368,0
7435,1639,0
98276,3615,0
56062,1458,0
48995,1680,0
70557,3496,0
26805,312,0
53651,2515,0
13702,409,0
7770,990,0
47054,4979,1
58207,1344,0
2656,1636,0
35353,4205,1
79901,735,0
551,4275,1
48114,2172,0
65826,702,0
40191,2377,0
10788,3284,0
9674,271,0
48911,3941,0
63135,1305,0
23983,4327,1
75460,4407,1
22249,2752,0
40322,13,0
68067,3255,0
84766,3025,0
89586,1315,0
10088,2899,0
11861,1758,0
24771,2963,0
40751,2614,0
75445,4704,1
43592,1400,0
36259,1647,0
95026,3378,0
15340,4787,1
71911,1497,0
70103,503,0
36728,3551,0
11436,1178,0
87341,4406,1
31287,2506,0
36728,271,0
32799,4625,1
97508,703,0
86028,1112,0
2095,1855,0
75695,3609,0
62797,2710,0
5433,4351,1
33375,4479,1
85109,2574,0
22171,3956,0
79226,1963,0
41080,3965,0
44759,4915,1
11642,2351,0
71139,133,0
31957,1154,0
30501,3772,0
15077,502,0
23612,4867,1
33341,1360,0
42804,4132,1
35414,333,0
37485,531,0
85318,2710,0
22784,4683,1
57543,428,0
91692,2581,0
68340,2278,0
10959,61,0
93073,1093,0
58263,2984,0
4042,3703,0
42451,3905,0
99852,3413,0
20198,3663,0
32422,942,0
71138,736,0
47622,4974,1
30110,3735,0
80262,3411,0
3468,2171,0
74964,3581,0
83107,2911,0
32860,132,0
75491,4666,1
53444,3224,0
79278,2836,0
42921,352,0
26750,795,0
57423,1359,0
7279,3677,0
30789,168,0
2681,3826,0
49852,3226,0
57293,2929,0
41264,4034,1
9325,152,0
9225,1521,0
98768,2603,0
17796,3484,0
333,2420,0
88385,4617,1
16602,1223,0
24881,1501,0
86003,4100,1
11389,2253,0
26181,4359,1
81063,3210,0
36802,4917,1
84537,541,0
95076,866,0
38044,438,0
37970,2036,0
83221,3648,0
33534,2672,0
98550,4625,1
3963,161,0
79924,1251,0
74524,2805,0
96619,4515,1
77922,590,0
40266,2655,0
82679,3945,0
22176,3979,0
87487,3143,0
66445,3830,0
55830,4858,1
8914,4792,1
63155,3244,0
21251,2433,0
40935,3787,0
11216,4760,1
60,598,0
62155,847,0
69875,3911,0
24103,2287,0
73325,2834,0
18999,238,0
34927,2964,0
52087,4263,1
29403,3281,0
17319,2937,0
6165,649,0
62908,4314,1
84987,1813,0
57546,3875,0
7528,877,0
67795,3759,0
33950,1635,0
25106,3168,0
91118,1674,0
69035,1913,0
47890,1115,0
51670,407,0
42801,935,0
67596,1170,0
78201,14,0
47227,4567,1
28424,22,0
5050,4785,1
17983,3540,0
37927,3618,0
27749,3452,0
43841,2584,0
2554,30,0
12453,1751,0
72908,2604,0
43055,548,0
83003,1543,0
21122,1551,0
70137,434,0
68239,977,0
92482,677,0
29145,638,0
31898,3785,0
98438,1168,0
81611,3802,0
15393,1332,0
72094,4960,1
85749,2727,0
4265,2769,0
89134,1184,0
34355,1457,0
53902,1558,0
55532,67,0
65870,2219,0
27373,3859,0
49276,3910,0
51249,4710,1
32180,4007,0
90948,4946,1
37085,1428,0
9913,3188,0
91874,3311,0
31435,3611,0
59356,3032,0
23864,357,0
16010,3443,0
85874,4124,1
6899,2521,0
66625,1474,0
21280,3925,0
92387,4332,1
6739,713,0
25533,1010,0
29218,686,0
52719,1603,0
35436,2223,0
13974,481,0
93371,4372,1
67055,3542,0
97028,2664,0
16086,3203,0
30686,1547,0
72175,807,0
67118,1174,0
78227,1001,0
42893,551,0
97935,656,0
63068,4475,1
10850,4059,1
19721,1814,0
83295,253,0
20289,2558,0
745,2200,0
88029,1401,0
91678,2384,0
74058,1127,0
22936,1984,0
53117,4577,1
13394,1632,0
45187,2558,0
21591,398,0
8318,4707,1
14912,2331,0
58370,3458,0
30214,1131,0
96163,2595,0
95664,879,0
44568,2582,0
49516,1913,0
76812,4374,1
76845,1384,0
21596,4513,1
65245,3470,0
17221,315,0
1569,1872,0
62929,291,0
2391,988,0
35045,2347,0
64149,2827,0
21947,2129,0
73095,3950,0
7255,4265,1
71722,3150,0
21531,534,0
20195,123,0
27700,546,0
46749,62,0
45025,4017,1
86977,4258,1
56243,4775,1
82502,1260,0
75802,1412,0
1745,2320,0
69495,988,0
47897,1396,0
55992,4854,1
36629,723,0
69087,2146,0
9753,189,0
45013,4634,1
69277,2893,0
91329,3928,0
24445,506,0
41990,1378,0
41412,1161,0
44026,2076,0
38483,4323,1
58886,1405,0
14922,189,0
91061,2131,0
16490,4529,1
80337,4521,1
88351,946,0
74005,4548,1
65075,3525,0
46908,1761,0
22926,3682,0
55299,117,0
91477,2470,0
6436,1332,0
68607,2553,0
69062,4794,1
96693,1308,0
87729,2803,0
76554,1258,0
16897,2535,0
6725,883,0
66423,7,0
47863,1006,0
79902,4902,1
9845,3399,0
57417,2230,0
40368,2179,0
9972,1118,0
31666,554,0
84595,2899,0
40731,4332,1
25054,4057,1
51016,248,0
81160,961,0
25043,2123,0
69310,428,0
86787,2712,0
20808,2735,0
20104,4731,1
60008,2670,0
78182,2235,0
12927,3690,0
9466,231,0
55976,1508,0
20625,1696,0
36710,1701,0
52968,2299,0
13191,2368,0
99799,207,0
27366,2036,0
5266,151,0
55169,1171,0
76843,2226,0
47665,2420,0
58541,2798,0
50830,477,0
39105,2027,0
91761,3832,0
74005,1731,0
29746,552,0
39072,3126,0
77445,1983,0
67173,3662,0
20614,4855,1
81896,2414,0
20974,4329,1
42248,2366,0
53933,89,0
15396,203,0
31866,4272,1
76593,3534,0
82709,2041,0
17965,4468,1
89328,1526,0
41154,4015,1
96682,650,0
98675,3665,0
76353,2476,0
20182,2733,0
5799,2941,0
26860,4577,1
85334,3218,0
19618,3467,0
84786,4774,1
94063,3837,0
23098,2929,0
92969,4771,1
4126,3261,0
68669,1465,0
90138,4580,1
53856,738,0
14609,3803,0
45990,2566,0
18125,2398,0
80726,2919,0
